Recurso,Sprint,Ano,Mes,Card,Prazo,Qualidade,Descricao,url,Count 
MC,161003,2016,10,57f2612eab397026a539fe2a,null,null,"Reunião de Priorização e Planejamento",https://trello.com/c/sBwrE0cX,1 
WN,161003,2016,10,57f2612eab397026a539fe2a,null,null,"Reunião de Priorização e Planejamento",https://trello.com/c/sBwrE0cX,1 
MC,161003,2016,10,57ebcc42048629dc975bfd29,null,null,"Atividades do Mês",https://trello.com/c/9ZdmX55R,1 
MC,161003,2016,10,57ebcbb311b76fcd2f22b56a,null,null,"CTIS - Apresentação Orion",https://trello.com/c/4i0CMAcB,1 
JS,161003,2016,10,57f29590e7d3a0123ac9699d,null,null,"CTIS - Quadro de Artefatos",https://trello.com/c/NwYV5SpT,1 
JS,161003,2016,10,57f26661129c5dabb034b73b,null,null,"META 1 - (Plano de Iniciação) - verificar Marcos e Julio",https://trello.com/c/qI7DofEv,1 
JS,161003,2016,10,57e96824a8139ccc8e99e51b,null,null,"META 1 - (Plano de Iniciação) - Elaborar TAP",https://trello.com/c/Gcimb4RM,1 
WN,161003,2016,10,57f274f33fe7add32fdcdd43,null,null,"Fábricas - Reunião Anexo de Documentação",https://trello.com/c/updnLhLZ,1 
MC,161003,2016,10,57f274f33fe7add32fdcdd43,null,null,"Fábricas - Reunião Anexo de Documentação",https://trello.com/c/updnLhLZ,1 
JS,161003,2016,10,57f274f33fe7add32fdcdd43,null,null,"Fábricas - Reunião Anexo de Documentação",https://trello.com/c/updnLhLZ,1 
WN,161003,2016,10,57f267d3c87805350dcd35ad,null,null,"Fábricas - Adaptar Anexo de Documentação",https://trello.com/c/OxmkGvjE,1 
WN,161003,2016,10,57e934fe8029e9b9ccc7626e,null,null,"Fábricas - Anexo de Documentação (MVP) - Cobrar Simone",https://trello.com/c/QlJQdw10,1 
MC,161003,2016,10,57f2683020a1dc942d0e6998,null,null,"Fábricas - Anexo de Metrica merge com Roteiro",https://trello.com/c/rumFyKC7,1 
JS,161003,2016,10,57f2683020a1dc942d0e6998,null,null,"Fábricas - Anexo de Metrica merge com Roteiro",https://trello.com/c/rumFyKC7,1 
WN,161003,2016,10,57f26cb3088daf293f733208,null,null,"PGA - Pasta para publicação - Cobrar Fagundes/ luciana",https://trello.com/c/3nGFiVwR,1 
MC,161003,2016,10,57ebd073eebf49694b585dcc,null,null,"Site da IplanRio pronto para ser colocado no ar (aguardando autorizo de Fabio) - SOLUTIS / LUIZ",https://trello.com/c/InYAbCyk,1 
WN,161003,2016,10,57ebd073eebf49694b585dcc,null,null,"Site da IplanRio pronto para ser colocado no ar (aguardando autorizo de Fabio) - SOLUTIS / LUIZ",https://trello.com/c/InYAbCyk,1 
MC,161003,2016,10,57f26605df3f3f9eb93370fb,null,null,"Meta Lider - Reunião Respostas aos Riscos - Reuniao Weslley (quinta e sexta ) e Monica (quarta e sexta )",https://trello.com/c/1uYa8WSQ,1 
WN,161003,2016,10,57f26605df3f3f9eb93370fb,null,null,"Meta Lider - Reunião Respostas aos Riscos - Reuniao Weslley (quinta e sexta ) e Monica (quarta e sexta )",https://trello.com/c/1uYa8WSQ,1 
JS,161003,2016,10,57e93376d4b73d2e81318061,null,null,"Formulário de Avaliação e Difusão &  Termo de Compromisso",https://trello.com/c/r5qeFAQz,1 
MC,161003,2016,10,57f26dec078e4f3b64b1842e,null,null,"Teletrabalho - Novo formulário",https://trello.com/c/2jq4uhVl,1 
JS,161003,2016,10,57f26dec078e4f3b64b1842e,null,null,"Teletrabalho - Novo formulário",https://trello.com/c/2jq4uhVl,1 
JS,161003,2016,10,57cf310084ecb1616c87da6e,null,null,"Portal de Aquisição de Software- Fluxo de Testes",https://trello.com/c/4XnB8jSE,1 
MC,161003,2016,10,57b210fa34107fa42a4ffb09,null,null,"FGF - Termo de Abertura",https://trello.com/c/OpSftx5H,1 
MC,161003,2016,10,57b21142f5ff0fb5ded032c2,null,null,"FGF - Validar Adaptar e preencher PDS",https://trello.com/c/n1pBD7HN,1 
MC,161003,2016,10,57b2112f04634f29de7df506,null,null,"FGF - Estudar NESMA",https://trello.com/c/vOKJ85Ka,1 
MC,161003,2016,10,57dff2788d806bcde9dc0413,null,null,"FGF - 3º Refinamento de Requisitos",https://trello.com/c/bqK2pV3N,1 
MC,161003,2016,10,57f26b1fe33ed7005a4be89e,null,null,"PGA - DoR & DoD",https://trello.com/c/cswEPd00,1 
MC,161003,2016,10,57f26d1a382467a80c2fff64,null,null,"GTT Matricula - Orientar Bianca no Site da Matricula",https://trello.com/c/Y1GzUOHQ,1 
MC,161003,2016,10,57f26145822c45bd39f3209c,null,null,"Reunião de Entrega",https://trello.com/c/5URe9wE9,1 
WN,161003,2016,10,57f26145822c45bd39f3209c,null,null,"Reunião de Entrega",https://trello.com/c/5URe9wE9,1 
MC,161010,2016,10,57e9779c0d35f6ebab6bbf6d,null,null,"Fabrica - Pagar pela Estimada - Gerar historico - Conversar com o Tribunal de Contas",https://trello.com/c/f1iuT1mg,1 
WN,161010,2016,10,57e93444b4713fd52cc82381,null,null,"Sizify - Desdobramento ou Planilha no TR ???",https://trello.com/c/WK4d9kmO,1 
JS,161010,2016,10,57cd7ebf2694de2d03e169a1,null,null,"Manutenção do Portal de Aquisição",https://trello.com/c/eT4uhb32,1 
MC,160926,2016,09,57e92fecce8ea39f5f8d42bf,Sim,10,"Reunião de Priorização e Planejamento",https://trello.com/c/rITcNhOw,1 
WN,160926,2016,09,57e92fecce8ea39f5f8d42bf,Sim,10,"Reunião de Priorização e Planejamento",https://trello.com/c/rITcNhOw,1 
MC,160926,2016,09,57e935812d613f6a8e585e74,Sim,10,"Meta Lider - Reunião Respostas aos Riscos",https://trello.com/c/qizur5KX,1 
WN,160926,2016,09,57e935812d613f6a8e585e74,Sim,10,"Meta Lider - Reunião Respostas aos Riscos",https://trello.com/c/qizur5KX,1 
MC,160926,2016,09,57dfec0646d9fce10a7426d3,Sim,10,"META 1 - (Plano de Iniciação) - verificar Marcos e Julio",https://trello.com/c/4hGTUo6L,1 
WN,160926,2016,09,57e93049fc649b4d7513953c,Sim,10,"Fábricas - FATTO - Anexo de Métricas e Documentação (reunião de planejamento)",https://trello.com/c/yjecIJgK,1 
MC,160926,2016,09,57e93049fc649b4d7513953c,Sim,10,"Fábricas - FATTO - Anexo de Métricas e Documentação (reunião de planejamento)",https://trello.com/c/yjecIJgK,1 
MC,160926,2016,09,57e185451d8e41369c1a7407,Sim,10,"Fábricas - Anexo de Metrica merge com Roteiro",https://trello.com/c/kJHbMiVE,1 
WN,160926,2016,09,57e96bc2b69771f831345d68,Sim,8,"Fábricas - Entender virada para produção",https://trello.com/c/ExF06dXc,1 
WN,160926,2016,09,57e96c800e709e3a9dfecf36,Sim,10,"PGA - DoR & DoD",https://trello.com/c/xeepu1yY,1 
MC,160926,2016,09,57e933204422a0863e3cb139,Sim,10,"PGA - Pasta para publicação  - Cobrar Fagundes",https://trello.com/c/5nLWJi9j,1 
WN,160926,2016,09,57e933204422a0863e3cb139,Sim,10,"PGA - Pasta para publicação  - Cobrar Fagundes",https://trello.com/c/5nLWJi9j,1 
MC,160926,2016,09,57e93234afe9838a5fbbb521,Sim,10,"GTT Matricula - Orientar Bianca no Site da Matricula",https://trello.com/c/UGlSoYnu,1 
WN,160926,2016,09,57eaab6ccf167c6f1bd59355,Sim,10,"Dashboard - Atividades do Trello",https://trello.com/c/2YB4AVly,1 
WN,160926,2016,09,57eab94f1a18689fcb29f2fe,Sim,10,"Teletrabalho - Novo formulário",https://trello.com/c/6fx61YPf,1 
MC,160926,2016,09,57eab94f1a18689fcb29f2fe,Sim,10,"Teletrabalho - Novo formulário",https://trello.com/c/6fx61YPf,1 
MC,160926,2016,09,57e937e934d2a4779d227427,Sim,10,"Reunião de Entrega",https://trello.com/c/qUp33hKS,1 
WN,160926,2016,09,57e937e934d2a4779d227427,Sim,10,"Reunião de Entrega",https://trello.com/c/qUp33hKS,1 
MC,160919,2016,09,57dfe29499dff7fa31e4bf7b,Sim,8,"Reunião de Priorização e Planejamento",https://trello.com/c/nQCTvaIy,1 
WN,160919,2016,09,57dfe29499dff7fa31e4bf7b,Sim,8,"Reunião de Priorização e Planejamento",https://trello.com/c/nQCTvaIy,1 
MC,160919,2016,09,57e155048b7b36301041e732,Sim,10,"OSINFO ( Painel de Gestão das OSS)  - Consultoria",https://trello.com/c/kiiOM9OR,1 
WN,160919,2016,09,57e155048b7b36301041e732,Sim,10,"OSINFO ( Painel de Gestão das OSS)  - Consultoria",https://trello.com/c/kiiOM9OR,1 
WN,160919,2016,09,57dff4811e13dc82c747c73b,Sim,8,"Fábricas - FATTO - Anexo de Métricas e Documentação (reunião de planejamento)",https://trello.com/c/SRgP0pLW,1 
MC,160919,2016,09,57dff4811e13dc82c747c73b,Sim,8,"Fábricas - FATTO - Anexo de Métricas e Documentação (reunião de planejamento)",https://trello.com/c/SRgP0pLW,1 
MC,160919,2016,09,561f747b2a4769a7d5d5d484,Nao,4,"CTIS - Pendências- Orion",https://trello.com/c/IL8FDbRy,1 
MC,160919,2016,09,578f7be508fa5fd1a2d9bb50,Sim,8,"GTT Matricula - Conversar com a Simone/M Lima",https://trello.com/c/fU6P6gY6,1 
WN,160919,2016,09,57cd80cb58f4110fe6fe755e,Sim,10,"PGA - Documentação (Tópico duplicado)",https://trello.com/c/nMEKdS5u,1 
WN,160919,2016,09,57dff34ec592e3c9c4867510,Sim,10,"PGA - Pasta para publicação  - Cobrar Fagundes",https://trello.com/c/Cl2ZqRoF,1 
MC,160919,2016,09,57dff3ddf06761da8d5f6c37,Sim,10,"Formulário de Avaliação e Difusão &  Termo de Compromisso",https://trello.com/c/M9HVucd7,1 
WN,160919,2016,09,57dff3ddf06761da8d5f6c37,Sim,10,"Formulário de Avaliação e Difusão &  Termo de Compromisso",https://trello.com/c/M9HVucd7,1 
WN,160919,2016,09,57e12b200cd1ca754f28e757,Sim,8,"Sizify - Entendimento da ferramenta",https://trello.com/c/UdXL1igB,1 
WN,160919,2016,09,57e185612ece87dd566bf4ee,Sim,10,"Fábricas - Anexo de Documentação (MVP)",https://trello.com/c/QKXqyyRz,1 
MC,160919,2016,09,57dfe2e21968ee3ba721dc8d,Sim,8,"Meta Lider - Reunião Respostas aos Riscos",https://trello.com/c/pgObDklb,1 
WN,160919,2016,09,57dfe2e21968ee3ba721dc8d,Sim,8,"Meta Lider - Reunião Respostas aos Riscos",https://trello.com/c/pgObDklb,1 
MC,160919,2016,09,57dfe2a18f760281996bbf4a,Sim,10,"Reunião de Entrega",https://trello.com/c/kRuEIqCq,1 
WN,160919,2016,09,57dfe2a18f760281996bbf4a,Sim,10,"Reunião de Entrega",https://trello.com/c/kRuEIqCq,1 
WN,160919,2016,09,57e3caf6680e28e4732e6cfc,Sim,10,"PGA - Orientação na OS",https://trello.com/c/bHDsNk43,1 
JS,160905,2016,09,57c9cc4c4b903f3b6220c770,Sim,7,"Reunião de Priorização e Planejamento",https://trello.com/c/jSI07S0Y,1 
MC,160905,2016,09,57c9cc4c4b903f3b6220c770,Sim,7,"Reunião de Priorização e Planejamento",https://trello.com/c/jSI07S0Y,1 
WN,160905,2016,09,57c9cc4c4b903f3b6220c770,Sim,7,"Reunião de Priorização e Planejamento",https://trello.com/c/jSI07S0Y,1 
WN,160905,2016,09,57ebe310f6511a22c6aca427,Nao,7,"PGA - Documentação (Tópico duplicado)",https://trello.com/c/MgRUyNuY,1 
JS,160905,2016,09,57cd6ed48aa9b07b03c0702a,Sim,7,"META 1 - Subir para o SVN(Plano de Iniciação) - Publicar Evidencias",https://trello.com/c/hhHXesbI,1 
MC,160905,2016,09,57cd6ed48aa9b07b03c0702a,Sim,7,"META 1 - Subir para o SVN(Plano de Iniciação) - Publicar Evidencias",https://trello.com/c/hhHXesbI,1 
WN,160905,2016,09,57cd6ed48aa9b07b03c0702a,Sim,7,"META 1 - Subir para o SVN(Plano de Iniciação) - Publicar Evidencias",https://trello.com/c/hhHXesbI,1 
JS,160905,2016,09,57b4a927bebfde6069fa7847,Sim,7,"Enviar email do Curso de PF",https://trello.com/c/E21fYEDQ,1 
JS,160905,2016,09,57cc08abb7089c9a256331e9,Sim,7,"Atividades de preparação do Workshop com a FATTO",https://trello.com/c/YtZdX1iq,1 
MC,160905,2016,09,57c43c6890f1ad082cdf5a88,Sim,7,"Meta Lider - Reunião Respostas aos Riscos",https://trello.com/c/dIvTnJo0,1 
JS,160905,2016,09,57c43c6890f1ad082cdf5a88,Sim,7,"Meta Lider - Reunião Respostas aos Riscos",https://trello.com/c/dIvTnJo0,1 
WN,160905,2016,09,57c43c6890f1ad082cdf5a88,Sim,7,"Meta Lider - Reunião Respostas aos Riscos",https://trello.com/c/dIvTnJo0,1 
WN,160905,2016,09,57cd7e27fc9d903e37c1e361,Sim,7,"FGF - 3º Refinamento de Requisitos",https://trello.com/c/yMZv1xNy,1 
WN,160905,2016,09,57d16122ae4bf489f28bd3a0,Sim,7,"PGA - Template PMC",https://trello.com/c/KqndmBEp,1 
JS,160905,2016,09,57c9cc56129ece7c64c1e774,Sim,7,"Reunião de Entrega",https://trello.com/c/pws1sCOT,1 
MC,160905,2016,09,57c9cc56129ece7c64c1e774,Sim,7,"Reunião de Entrega",https://trello.com/c/pws1sCOT,1 
WN,160905,2016,09,57c9cc56129ece7c64c1e774,Sim,7,"Reunião de Entrega",https://trello.com/c/pws1sCOT,1 
JS,160829,2016,08,57beee077195eafd6ebb023f,Sim,7,"Reunião de Priorização e Planejamento",https://trello.com/c/t7ti8OLz,1 
MC,160829,2016,08,57beee077195eafd6ebb023f,Sim,7,"Reunião de Priorização e Planejamento",https://trello.com/c/t7ti8OLz,1 
WN,160829,2016,08,57beee077195eafd6ebb023f,Sim,7,"Reunião de Priorização e Planejamento",https://trello.com/c/t7ti8OLz,1 
JS,160829,2016,08,57c479ddbd3ebfda024b200b,Nao,6,"Manutenção do Portal de Aquisição",https://trello.com/c/XQoSfZbQ,1 
WN,160829,2016,08,57bdf8b499ede632d723b06b,Sim,7,"Reunião de Avaliação Relatório SISP Parte 02",https://trello.com/c/CUSozRwW,1 
JS,160829,2016,08,57bdf8b499ede632d723b06b,Sim,7,"Reunião de Avaliação Relatório SISP Parte 02",https://trello.com/c/CUSozRwW,1 
MC,160829,2016,08,57bdf8b499ede632d723b06b,Sim,7,"Reunião de Avaliação Relatório SISP Parte 02",https://trello.com/c/CUSozRwW,1 
JS,160829,2016,08,57c43d9ae4ea2566e6a943fa,Sim,7,"Atividades de preparação do Workshop com a FATTO",https://trello.com/c/rIpLUktC,1 
WN,160829,2016,08,57bf05b152db4ab376505d08,Sim,7,"Fábricas - Anexo de Qualidade",https://trello.com/c/6SLRtS7C,1 
WN,160829,2016,08,57c48e0f2025ee6e26692ec5,Sim,7,"FGF - 2º Refinamento de Requisitos",https://trello.com/c/lu9rJrSA,1 
WN,160829,2016,08,57c48e651303eb1090b14732,Sim,7,"FGF - Modelo Conceitual de Dados (P1)",https://trello.com/c/Ec9U2HFe,1 
WN,160829,2016,08,57c49de7675eab37c7a3d235,Sim,7,"PGA - Quadro",https://trello.com/c/2LUSmD88,1 
MC,160829,2016,08,57c43d1ea21c4b9c2b3d84a6,Sim,7,"Atividades do Mes",https://trello.com/c/lwzcECSa,1 
JS,160829,2016,08,57cd86fd5418d6942515250a,Sim,7,"META 1 - Publicar Evidencias (Plano de Iniciação)",https://trello.com/c/24mWeT7W,1 
MC,160829,2016,08,57cd86fd5418d6942515250a,Sim,7,"META 1 - Publicar Evidencias (Plano de Iniciação)",https://trello.com/c/24mWeT7W,1 
MC,160829,2016,08,57c44deace02e3098b43c638,Sim,7,"GTT - BRT",https://trello.com/c/0jYSGVEW,1 
MC,160829,2016,08,57c43c12f47307f8c1ddff08,Sim,7,"Corrigir Portifólio de Serviços da GAQ",https://trello.com/c/BsDbFld1,1 
JS,160829,2016,08,57beee14fbb0e435cfb24126,Sim,7,"Reunião de Entrega",https://trello.com/c/hhFIL40I,1 
MC,160829,2016,08,57beee14fbb0e435cfb24126,Sim,7,"Reunião de Entrega",https://trello.com/c/hhFIL40I,1 
WN,160829,2016,08,57beee14fbb0e435cfb24126,Sim,7,"Reunião de Entrega",https://trello.com/c/hhFIL40I,1 
JS,160823,2016,08,57b20d19a4d48ebd09b7d195,Sim,7,"Reunião de Priorização e Planejamento",https://trello.com/c/vv2GD4ll,1 
MC,160823,2016,08,57b20d19a4d48ebd09b7d195,Sim,7,"Reunião de Priorização e Planejamento",https://trello.com/c/vv2GD4ll,1 
WN,160823,2016,08,57b20d19a4d48ebd09b7d195,Sim,7,"Reunião de Priorização e Planejamento",https://trello.com/c/vv2GD4ll,1 
WN,160823,2016,08,57b1c95b477ce081ff9e72b2,Sim,7,"META 1 - Publicar Evidencias (PGA & Quadro)",https://trello.com/c/PaR8RXyE,1 
WN,160823,2016,08,57bc7bccc3dcfbe34d6aecb6,Sim,7,"META 1 - Publicar Evidencias (Plano de Iniciação)",https://trello.com/c/IgJA4qpo,1 
JS,160823,2016,08,57bc7a966fd0b9dd3cea8bbe,Sim,7,"META 1- Plano de Iniciação - Criar instrução de preenchimento",https://trello.com/c/om4HYIo6,1 
WN,160823,2016,08,57bc7ac4f18a472a57be6c00,Sim,7,"PGA - Incluir novo artefato da GQS",https://trello.com/c/EFrBKMBN,1 
WN,160823,2016,08,57b4d2cf16ea4e6331e9242c,Sim,7,"PGA - Alterar descrição de produto",https://trello.com/c/F8pbRKP3,1 
JS,160823,2016,08,57a8c569af1d05d3ee568867,Nao,6,"Manutenção do Portal de Aquisição",https://trello.com/c/DHPK3e7L,1 
WN,160823,2016,08,57bc7c37b611d8ae3882397d,Sim,7,"Reunião de Avaliação Relatório SISP Parte 01",https://trello.com/c/9Qzw6iw4,1 
JS,160823,2016,08,57bc7c37b611d8ae3882397d,Sim,7,"Reunião de Avaliação Relatório SISP Parte 01",https://trello.com/c/9Qzw6iw4,1 
MC,160823,2016,08,57bc7c37b611d8ae3882397d,Sim,7,"Reunião de Avaliação Relatório SISP Parte 01",https://trello.com/c/9Qzw6iw4,1 
MC,160823,2016,08,57b77689f1863129f55123b4,Sim,7,"CTIS - Cobrar Cronograma",https://trello.com/c/tarM2OC4,1 
MC,160823,2016,08,57bc811a3a45044fd3ebffe7,Sim,7,"Meta Lider - Planilha - Riscos Iniciais - Definir GT - Reduzir Redundancias",https://trello.com/c/FtoJdg1Z,1 
MC,160823,2016,08,57bc80bb484d0f6bd7cd6ed2,Sim,7,"Corrigir Portifólio de Serviços da GAQ",https://trello.com/c/fPb1KVZ7,1 
JS,160823,2016,08,57b21156f5ff0fb5ded03472,Sim,7,"Reunião de Entrega",https://trello.com/c/hm2yb6i1,1 
MC,160823,2016,08,57b21156f5ff0fb5ded03472,Sim,7,"Reunião de Entrega",https://trello.com/c/hm2yb6i1,1 
WN,160823,2016,08,57b21156f5ff0fb5ded03472,Sim,7,"Reunião de Entrega",https://trello.com/c/hm2yb6i1,1 
JS,160815,2016,08,57ab3824c0d0f1a535f56eff,Sim,7,"Reunião de Priorização e Planejamento",https://trello.com/c/efQf87GV,1 
MC,160815,2016,08,57ab3824c0d0f1a535f56eff,Sim,7,"Reunião de Priorização e Planejamento",https://trello.com/c/efQf87GV,1 
WN,160815,2016,08,57ab3824c0d0f1a535f56eff,Sim,7,"Reunião de Priorização e Planejamento",https://trello.com/c/efQf87GV,1 
WN,160815,2016,08,57b20db8cd51cb3b83c39d40,Sim,7,"PGA - Quadro ordenado",https://trello.com/c/hluDOLjE,1 
MC,160815,2016,08,57b20de24429015e0ada34cf,Sim,7,"Meta 1- Validar Produto:Plano de Iniciação - Proposta de Modelo",https://trello.com/c/7RhePluw,1 
JS,160815,2016,08,57b20de24429015e0ada34cf,Sim,7,"Meta 1- Validar Produto:Plano de Iniciação - Proposta de Modelo",https://trello.com/c/7RhePluw,1 
WN,160815,2016,08,57ab3813700f9aa23b977aee,Sim,7,"Avaliação Relatório SISP",https://trello.com/c/XaReicgM,1 
WN,160815,2016,08,57ac9837bbb9225070b56743,Sim,7,"PGA - Ordenar Quadro de Produtos",https://trello.com/c/xaJ1heY0,1 
MC,160815,2016,08,57b20e3c4bfd737fff54f518,Sim,7,"Apresentar Portifólio de Serviços da GAQ",https://trello.com/c/8CPPrqaf,1 
MC,160815,2016,08,57a88dd4542cdc38ded2ea6d,Sim,7,"Meta Lider - Planilha - Riscos Iniciais - Definir GT",https://trello.com/c/kqmo0HjN,1 
JS,160815,2016,08,57ab3830ef85507091384b52,Sim,7,"Reunião de Entrega",https://trello.com/c/eyn2pymi,1 
MC,160815,2016,08,57ab3830ef85507091384b52,Sim,7,"Reunião de Entrega",https://trello.com/c/eyn2pymi,1 
WN,160815,2016,08,57ab3830ef85507091384b52,Sim,7,"Reunião de Entrega",https://trello.com/c/eyn2pymi,1 
JS,160808,2016,08,57a88584a3e8157a8e0fda2a,Sim,7,"Reunião de Priorização e Planejamento",https://trello.com/c/rZ0HcTNi,1 
MC,160808,2016,08,57a88584a3e8157a8e0fda2a,Sim,7,"Reunião de Priorização e Planejamento",https://trello.com/c/rZ0HcTNi,1 
WN,160808,2016,08,57a88584a3e8157a8e0fda2a,Sim,7,"Reunião de Priorização e Planejamento",https://trello.com/c/rZ0HcTNi,1 
WN,160808,2016,08,57a9d57055a1815894e1c5ef,Sim,7,"PGA - Ajustes",https://trello.com/c/IjWC52wu,1 
WN,160808,2016,08,578ce30e1c5a5d377105fa3c,Sim,7,"Meta 1-  Produto:Plano de Iniciação - Proposta de Modelo",https://trello.com/c/YITuAN5n,1 
JS,160808,2016,08,57a897f9b2fed7102c80315b,Sim,7,"Relatório de avaliação do SISP 2.1 sob ótica do PGA e TR de Fabrica",https://trello.com/c/jKiJG7fj,1 
MC,160808,2016,08,57aa3c015009d5c4910b09f4,Sim,7,"Portifólio de Serviços da GAQ",https://trello.com/c/6OTLLIVb,1 
WN,160808,2016,08,57aa3c015009d5c4910b09f4,Sim,7,"Portifólio de Serviços da GAQ",https://trello.com/c/6OTLLIVb,1 
MC,160808,2016,08,579f4cc897922bef26e6972a,Sim,7,"FGF- Validação dos Produtos e Definição dos Proximos",https://trello.com/c/rbvg40Wf,1 
JS,160808,2016,08,579f4cc897922bef26e6972a,Sim,7,"FGF- Validação dos Produtos e Definição dos Proximos",https://trello.com/c/rbvg40Wf,1 
JS,160808,2016,08,57962e00d2187550b430e812,Sim,7,"FGF - Avaliar Termo de Abertura",https://trello.com/c/3rowTVbA,1 
MC,160808,2016,08,57962e00d2187550b430e812,Sim,7,"FGF - Avaliar Termo de Abertura",https://trello.com/c/3rowTVbA,1 
MC,160808,2016,08,579630c371ddcfd5f40349d7,Sim,7,"FGF - 1º Refinamento de requisitos Parte 01",https://trello.com/c/Kxv20HKn,1 
JS,160808,2016,08,579630c371ddcfd5f40349d7,Sim,7,"FGF - 1º Refinamento de requisitos Parte 01",https://trello.com/c/Kxv20HKn,1 
MC,160808,2016,08,579630db67f1b8251f872cac,Sim,7,"FGF - Avaliar a Planilha de Contagem de PF NESMA",https://trello.com/c/vSQBKCOX,1 
JS,160808,2016,08,579630db67f1b8251f872cac,Sim,7,"FGF - Avaliar a Planilha de Contagem de PF NESMA",https://trello.com/c/vSQBKCOX,1 
MC,160808,2016,08,579f9e7056b1a56a9bdab32b,Nao,7,"FGF - Avaliar PDS",https://trello.com/c/M65LXwqE,1 
JS,160808,2016,08,57a88593e73f9d8366051e58,Sim,7,"Reunião de Entrega",https://trello.com/c/2hcESf5J,1 
MC,160808,2016,08,57a88593e73f9d8366051e58,Sim,7,"Reunião de Entrega",https://trello.com/c/2hcESf5J,1 
WN,160808,2016,08,57a88593e73f9d8366051e58,Sim,7,"Reunião de Entrega",https://trello.com/c/2hcESf5J,1 
JS,160801,2016,08,579f47b9a5867ed42653d265,Sim,7,"Reunião de Priorização e Planejamento",https://trello.com/c/VdIZaL1X,1 
MC,160801,2016,08,579f47b9a5867ed42653d265,Sim,7,"Reunião de Priorização e Planejamento",https://trello.com/c/VdIZaL1X,1 
WN,160801,2016,08,579f47b9a5867ed42653d265,Sim,7,"Reunião de Priorização e Planejamento",https://trello.com/c/VdIZaL1X,1 
MC,160801,2016,08,579b61e96d136c01fcdbaa59,Sim,7,"TR SME - BIRD - Se puder, faça uma revisão (item 6 do TR).",https://trello.com/c/NTaIgYxo,1 
JS,160801,2016,08,579b61e96d136c01fcdbaa59,Sim,7,"TR SME - BIRD - Se puder, faça uma revisão (item 6 do TR).",https://trello.com/c/NTaIgYxo,1 
WN,160801,2016,08,579b61e96d136c01fcdbaa59,Sim,7,"TR SME - BIRD - Se puder, faça uma revisão (item 6 do TR).",https://trello.com/c/NTaIgYxo,1 
MC,160801,2016,08,577bb89b7e8d3dbe8921b1cc,Sim,7,"Meta Lider - Planilha - Riscos Iniciais",https://trello.com/c/XAISxWoZ,1 
JS,160801,2016,08,577bb89b7e8d3dbe8921b1cc,Sim,7,"Meta Lider - Planilha - Riscos Iniciais",https://trello.com/c/XAISxWoZ,1 
WN,160801,2016,08,577bb89b7e8d3dbe8921b1cc,Sim,7,"Meta Lider - Planilha - Riscos Iniciais",https://trello.com/c/XAISxWoZ,1 
JS,160801,2016,08,579f9c3c5edf6d2f425de473,Sim,7,"Relatório de avaliação do SISP 2.1 sob ótica do PGA e TR de Fabrica",https://trello.com/c/Q2oN8CyX,1 
JS,160801,2016,08,57a9e6c384b1e2d6710783c4,Sim,7,"Relatório de avaliação do SISP 2.1 sob ótica do PGA e TR de Fabrica",https://trello.com/c/AvtMUuT0,1 
WN,160801,2016,08,57a9e5f242aba791a822cd03,Sim,7,"FGF - Termo de Abertura",https://trello.com/c/NVDgMb3M,1 
WN,160801,2016,08,57a9e60e8084aac5e6826f7f,Sim,7,"FGF - 1º Refinamento de requisitos",https://trello.com/c/RMNh14xd,1 
WN,160801,2016,08,57a9e638b953c61eef3e88f0,Sim,7,"FGF - Estudar NESMA",https://trello.com/c/cDUS5NC9,1 
WN,160801,2016,08,57a9e650104b5af5e56d4d6e,Sim,7,"FGF - Adaptar e preencher PDS",https://trello.com/c/CeyD379V,1 
JS,160801,2016,08,579fafced018ec2d6d5d2446,Sim,7,"Apresentação EA",https://trello.com/c/dEV51vNs,1 
WN,160801,2016,08,579fafced018ec2d6d5d2446,Sim,7,"Apresentação EA",https://trello.com/c/dEV51vNs,1 
WN,160801,2016,08,579b6f129ad969bfac15ea98,Sim,7,"Alterar URL do TR e Anexo",https://trello.com/c/Dqb2jMrc,1 
JS,160801,2016,08,579f47c9d557a3529b54668e,Sim,7,"Reunião de Entrega",https://trello.com/c/PpPNBMB1,1 
MC,160801,2016,08,579f47c9d557a3529b54668e,Sim,7,"Reunião de Entrega",https://trello.com/c/PpPNBMB1,1 
WN,160801,2016,08,579f47c9d557a3529b54668e,Sim,7,"Reunião de Entrega",https://trello.com/c/PpPNBMB1,1 
JS,160725,2016,07,5796134f26e12302f50d7ed7,Sim,7,"Reunião de Priorização e Planejamento",https://trello.com/c/3R90GZX6,1 
MC,160725,2016,07,5796134f26e12302f50d7ed7,Sim,7,"Reunião de Priorização e Planejamento",https://trello.com/c/3R90GZX6,1 
WN,160725,2016,07,5796134f26e12302f50d7ed7,Sim,7,"Reunião de Priorização e Planejamento",https://trello.com/c/3R90GZX6,1 
JS,160725,2016,07,573dd81271a784dacee563aa,Sim,7,"Fábricas - Treinamento FATTO",https://trello.com/c/pwuUj2wt,1 
JS,160725,2016,07,5745b50f843db2c225599103,Sim,7,"TR CONVENIOS - SVN",https://trello.com/c/JkdyGDZ1,1 
MC,160725,2016,07,5796136c264e58a42382a478,Sim,7,"Curso Interno de Gerenciamento Ágil de Projetos",https://trello.com/c/soEbokvn,1 
MC,160725,2016,07,5796151042be4b2f8e9a8c26,Sim,7,"Reunião da DOP  - Olimpiadas",https://trello.com/c/PeidTJOG,1 
MC,160725,2016,07,57966825d6e0112e940e1dcd,Sim,7,"GICOF - Plano de Arquitetura",https://trello.com/c/uvpV4VDJ,1 
JS,160725,2016,07,57961360dcb063c18e1efbd0,Sim,7,"Reunião de Entrega",https://trello.com/c/s3J7vy6y,1 
MC,160725,2016,07,57961360dcb063c18e1efbd0,Sim,7,"Reunião de Entrega",https://trello.com/c/s3J7vy6y,1 
WN,160725,2016,07,57961360dcb063c18e1efbd0,Sim,7,"Reunião de Entrega",https://trello.com/c/s3J7vy6y,1 
JS,160718,2016,07,578cdfc81930ef8cbc39d536,Sim,7,"Reunião de Priorização e Planejamento",https://trello.com/c/l4hHToqO,1 
MC,160718,2016,07,578cdfc81930ef8cbc39d536,Sim,7,"Reunião de Priorização e Planejamento",https://trello.com/c/l4hHToqO,1 
WN,160718,2016,07,578cdfc81930ef8cbc39d536,Sim,7,"Reunião de Priorização e Planejamento",https://trello.com/c/l4hHToqO,1 
WN,160718,2016,07,578cd424aec962d197ace582,Sim,7,"PGA - Remover plano de testes da atividade Avaliar Qualidade",https://trello.com/c/3l5MpDrR,1 
WN,160718,2016,07,578cd593825d66d808b611b2,Sim,7,"Fábricas - Ajustes pós reunião de GT",https://trello.com/c/RtLJqdPK,1 
JS,160718,2016,07,5784eddd536215f2e61bee90,Sim,7,"TR IPP Armazem de Dados - Banco Mundial",https://trello.com/c/hrw9j5aH,1 
JS,160718,2016,07,5784f033d764208ca36e0370,Sim,7,"Portal de Aquisição - Criar o Menu - Processo - Alterações",https://trello.com/c/geGwDo0C,1 
MC,160718,2016,07,577bc184f3b62dc529ae9323,Sim,7,"META 2 - Canvas - Plano de Projeto",https://trello.com/c/iVsq0AHW,1 
WN,160718,2016,07,577bc184f3b62dc529ae9323,Sim,7,"META 2 - Canvas - Plano de Projeto",https://trello.com/c/iVsq0AHW,1 
JS,160718,2016,07,577bc184f3b62dc529ae9323,Sim,7,"META 2 - Canvas - Plano de Projeto",https://trello.com/c/iVsq0AHW,1 
MC,160718,2016,07,5792617c63a5a44b490b75c0,Sim,7,"Sexta Tecnologica .. devops",https://trello.com/c/lqQynSJR,1 
MC,160718,2016,07,579613e9228fb9ca3921014f,Sim,7,"GTT Matricula",https://trello.com/c/i8UDGE6b,1 
JS,160718,2016,07,578cdfd64c82cf6f6617ab8d,Sim,7,"Reunião de Entrega",https://trello.com/c/JWnVeN1Y,1 
MC,160718,2016,07,578cdfd64c82cf6f6617ab8d,Sim,7,"Reunião de Entrega",https://trello.com/c/JWnVeN1Y,1 
WN,160718,2016,07,578cdfd64c82cf6f6617ab8d,Sim,7,"Reunião de Entrega",https://trello.com/c/JWnVeN1Y,1 
JS,160711,2016,07,57839f0b8f40552d7f505b08,Sim,7,"Reunião de Priorização e Planejamento",https://trello.com/c/B0YGPIXa,1 
MC,160711,2016,07,57839f0b8f40552d7f505b08,Sim,7,"Reunião de Priorização e Planejamento",https://trello.com/c/B0YGPIXa,1 
WN,160711,2016,07,57839f0b8f40552d7f505b08,Sim,7,"Reunião de Priorização e Planejamento",https://trello.com/c/B0YGPIXa,1 
MC,160711,2016,07,577bae7ffd196837c3e7c9e1,Sim,7,"Fábricas - Reunião GT",https://trello.com/c/sYs7rBkU,1 
JS,160711,2016,07,577bae7ffd196837c3e7c9e1,Sim,7,"Fábricas - Reunião GT",https://trello.com/c/sYs7rBkU,1 
WN,160711,2016,07,577bae7ffd196837c3e7c9e1,Sim,7,"Fábricas - Reunião GT",https://trello.com/c/sYs7rBkU,1 
WN,160711,2016,07,577d10fae82f199787c317ed,Sim,7,"Fábricas - Pendências GT",https://trello.com/c/Tej1mBkj,1 
MC,160711,2016,07,5783fa413136cbc92c44100f,Sim,7,"Fábricas - Anexo Documentação",https://trello.com/c/wqSEOdVk,1 
WN,160711,2016,07,5783fa413136cbc92c44100f,Sim,7,"Fábricas - Anexo Documentação",https://trello.com/c/wqSEOdVk,1 
JS,160711,2016,07,577baf25d66d340289a00ae3,Sim,7,"TR Convenios _ (Reuniao)",https://trello.com/c/Sa4Rcbbm,1 
MC,160711,2016,07,577baf25d66d340289a00ae3,Sim,7,"TR Convenios _ (Reuniao)",https://trello.com/c/Sa4Rcbbm,1 
JS,160711,2016,07,577fbc81e1822422ec5ec2d5,Sim,7,"TR Convenios - Quadro ANEXO de Produtos do PGA como sinalizar os produtos que serão usados",https://trello.com/c/iIU6xjjx,1 
WN,160711,2016,07,577d1dec9fbf13e239cc4ccc,Sim,7,"Curso Interno de Gerenciamento Ágil de Projetos",https://trello.com/c/t1aN9Lr7,1 
JS,160711,2016,07,577d1dec9fbf13e239cc4ccc,Sim,7,"Curso Interno de Gerenciamento Ágil de Projetos",https://trello.com/c/t1aN9Lr7,1 
MC,160711,2016,07,5784012e650cc30a841f8dbd,Sim,7,"Apresentação PGA",https://trello.com/c/Qr1rjGpt,1 
MC,160711,2016,07,5771978a74ad9f2ea5167ff1,Sim,7,"Validação do Template do Plano de Iniciação",https://trello.com/c/bVk6gXhV,1 
JS,160711,2016,07,57839f62a76bae77ea6eefa8,Sim,7,"Reunião de Entrega",https://trello.com/c/ACU41vkH,1 
MC,160711,2016,07,57839f62a76bae77ea6eefa8,Sim,7,"Reunião de Entrega",https://trello.com/c/ACU41vkH,1 
WN,160711,2016,07,57839f62a76bae77ea6eefa8,Sim,7,"Reunião de Entrega",https://trello.com/c/ACU41vkH,1 
JS,160704,2016,07,577a740777c738bcf12532bf,Sim,7,"Reunião de Priorização e Planejamento",https://trello.com/c/rBDQWXBC,1 
MC,160704,2016,07,577a740777c738bcf12532bf,Sim,7,"Reunião de Priorização e Planejamento",https://trello.com/c/rBDQWXBC,1 
WN,160704,2016,07,577a740777c738bcf12532bf,Sim,7,"Reunião de Priorização e Planejamento",https://trello.com/c/rBDQWXBC,1 
WN,160704,2016,07,577bc2a26134c1946493c358,Sim,7,"Fábricas - Publicação Portal",https://trello.com/c/NTgwitme,1 
MC,160704,2016,07,577d11f93988a3f9b2881f1d,Sim,7,"Fábricas - Pendências Monica",https://trello.com/c/XSQTaKFZ,1 
JS,160704,2016,07,577d5dec5c9db89239665d89,Sim,7,"Portal - Alterações",https://trello.com/c/c8aM2xCX,1 
WN,160704,2016,07,577bc29c54c36fc9b17891ab,Sim,7,"PGA - Preparar os detalhes para publicação em produção",https://trello.com/c/CXz1RdvF,1 
MC,160704,2016,07,577bc2568a822db2555fee30,Sim,7,"PGA - Avaliação do Relatorio do PGA e cobrança dos prazos",https://trello.com/c/cpjgnn3L,1 
WN,160704,2016,07,577bc2568a822db2555fee30,Sim,7,"PGA - Avaliação do Relatorio do PGA e cobrança dos prazos",https://trello.com/c/cpjgnn3L,1 
JS,160704,2016,07,577a741a4f12b3954e0adc49,Sim,7,"Reunião de Entrega",https://trello.com/c/wYYLcnkf,1 
MC,160704,2016,07,577a741a4f12b3954e0adc49,Sim,7,"Reunião de Entrega",https://trello.com/c/wYYLcnkf,1 
WN,160704,2016,07,577a741a4f12b3954e0adc49,Sim,7,"Reunião de Entrega",https://trello.com/c/wYYLcnkf,1 
JS,160627,2016,06,57712caf6b19b873730944f1,Sim,7,"Reunião de Priorização e Planejamento",https://trello.com/c/DLq9yN9i,1 
MC,160627,2016,06,57712caf6b19b873730944f1,Sim,7,"Reunião de Priorização e Planejamento",https://trello.com/c/DLq9yN9i,1 
WN,160627,2016,06,57712caf6b19b873730944f1,Sim,7,"Reunião de Priorização e Planejamento",https://trello.com/c/DLq9yN9i,1 
MC,160627,2016,06,57712c48d38ba5d61079183c,Sim,7,"Fábricas - Revisão do TR",https://trello.com/c/ehHx1Bah,1 
JS,160627,2016,06,57712c48d38ba5d61079183c,Sim,7,"Fábricas - Revisão do TR",https://trello.com/c/ehHx1Bah,1 
WN,160627,2016,06,57712c48d38ba5d61079183c,Sim,7,"Fábricas - Revisão do TR",https://trello.com/c/ehHx1Bah,1 
JS,160627,2016,06,578ce2f42dc70087322d3da0,Sim,7,"Meta 1-  Produto:Plano de Iniciação - Proposta de Modelo",https://trello.com/c/DdicYIMs,1 
JS,160627,2016,06,5771302846a68be710a3b5fb,Sim,7,"Meta 1-  Produto:Plano de Iniciação - Proposta de Modelo",https://trello.com/c/8X4kCiYa,1 
MC,160627,2016,06,57713651a1ee92da559096fd,Sim,7,"Apresentação PGA e Analises de Riscos",https://trello.com/c/BeCBAKPh,1 
JS,160627,2016,06,57713651a1ee92da559096fd,Sim,7,"Apresentação PGA e Analises de Riscos",https://trello.com/c/BeCBAKPh,1 
WN,160627,2016,06,57713651a1ee92da559096fd,Sim,7,"Apresentação PGA e Analises de Riscos",https://trello.com/c/BeCBAKPh,1 
WN,160627,2016,06,577136b1aa3121adccd61399,Sim,7,"Curso Interno de Gerenciamento Ágil de Projetos - Material de Apresentação",https://trello.com/c/Fxy1Onpn,1 
MC,160627,2016,06,5771312bf11e768d134db79d,Sim,7,"Apresentação JIRA",https://trello.com/c/hiXtCdCy,1 
JS,160627,2016,06,57712cde6bc6081ef718c689,Sim,7,"Reunião de Entrega",https://trello.com/c/VLulRB2f,1 
MC,160627,2016,06,57712cde6bc6081ef718c689,Sim,7,"Reunião de Entrega",https://trello.com/c/VLulRB2f,1 
WN,160627,2016,06,57712cde6bc6081ef718c689,Sim,7,"Reunião de Entrega",https://trello.com/c/VLulRB2f,1 
JS,160620,2016,06,5767ea45ef66dee96aa5778a,Sim,7,"Reunião de Priorização e Planejamento",https://trello.com/c/mWVdfIja,1 
MC,160620,2016,06,5767ea45ef66dee96aa5778a,Sim,7,"Reunião de Priorização e Planejamento",https://trello.com/c/mWVdfIja,1 
WN,160620,2016,06,5767ea45ef66dee96aa5778a,Sim,7,"Reunião de Priorização e Planejamento",https://trello.com/c/mWVdfIja,1 
WN,160620,2016,06,575839e5471abddc668439b3,Sim,7,"Fábricas - Unificar",https://trello.com/c/TI1cTnO9,1 
MC,160620,2016,06,5767f5feec3c0155e42a0d3e,Sim,7,"Fábricas - Revisão do TR",https://trello.com/c/JBQJwAT7,1 
JS,160620,2016,06,5767f5feec3c0155e42a0d3e,Sim,7,"Fábricas - Revisão do TR",https://trello.com/c/JBQJwAT7,1 
WN,160620,2016,06,5767f5feec3c0155e42a0d3e,Sim,7,"Fábricas - Revisão do TR",https://trello.com/c/JBQJwAT7,1 
WN,160620,2016,06,57583cadaa15cf97fd00e033,Sim,7,"Fábricas - Planilha de Perfis e Formação de Preço",https://trello.com/c/l8NCcTUw,1 
JS,160620,2016,06,575eeb51293cb82109cc165d,Sim,7,"Meta 1-  Produto:Plano de Iniciação - Proposta de Modelo",https://trello.com/c/36pxUtJk,1 
JS,160620,2016,06,5767f304ee1bab42b83b4218,Sim,7,"TR Convenios _ (Reuniao)",https://trello.com/c/Td52lUMY,1 
MC,160620,2016,06,5767f304ee1bab42b83b4218,Sim,7,"TR Convenios _ (Reuniao)",https://trello.com/c/Td52lUMY,1 
MC,160620,2016,06,573e25951ee9949ce4b98e0d,Sim,7,"Fábrica - Procedimentos Administrativos",https://trello.com/c/LBbhI1Lj,1 
MC,160620,2016,06,57682de44b0120b35a4b0f7b,Sim,7,"GICOF - Consultoria - Infraestrutura",https://trello.com/c/gc4uJ3pI,1 
JS,160620,2016,06,57712bd9912ea82f731153ed,Sim,7,"E-PROCESSO - Consutoria (SMF)",https://trello.com/c/nwisZG6u,1 
NULL,160620,2016,06,5768651cd796b7212c4cde66,Sim,7,"Workshop Aquisicao - contato mariano",https://trello.com/c/5QF9JH0N,1 
MC,160620,2016,06,57431913bf8b16b604c94663,Sim,7,"Curso Scrum: Agilidade em seu projeto",https://trello.com/c/qvKxFNdT,1 
JS,160620,2016,06,5767ea54e9512fc22cc96960,Sim,7,"Reunião de Entrega",https://trello.com/c/KyBbDGeA,1 
MC,160620,2016,06,5767ea54e9512fc22cc96960,Sim,7,"Reunião de Entrega",https://trello.com/c/KyBbDGeA,1 
WN,160620,2016,06,5767ea54e9512fc22cc96960,Sim,7,"Reunião de Entrega",https://trello.com/c/KyBbDGeA,1 
JS,160613,2016,06,575ebbe9ce571a62d45f7fb7,Sim,7,"Reunião de Priorização e Planejamento",https://trello.com/c/PhUIBP24,1 
MC,160613,2016,06,575ebbe9ce571a62d45f7fb7,Sim,7,"Reunião de Priorização e Planejamento",https://trello.com/c/PhUIBP24,1 
WN,160613,2016,06,575ebbe9ce571a62d45f7fb7,Sim,7,"Reunião de Priorização e Planejamento",https://trello.com/c/PhUIBP24,1 
WN,160613,2016,06,575ebb3ea8ffee59d280095c,Sim,7,"Fábricas - Melhorar o quadro de SLA",https://trello.com/c/bflup2e3,1 
WN,160613,2016,06,575ef18a1a96985264d6f050,Sim,7,"Fábricas - Inclusão de Métricas (Análise)",https://trello.com/c/UB0B97jv,1 
WN,160613,2016,06,57583cf9809defac2e2cd151,Sim,7,"Fábricas - Como precificar os serviços correlatos e documentação?",https://trello.com/c/jckNKDHB,1 
JS,160613,2016,06,57583cf9809defac2e2cd151,Sim,7,"Fábricas - Como precificar os serviços correlatos e documentação?",https://trello.com/c/jckNKDHB,1 
MC,160613,2016,06,57583cf9809defac2e2cd151,Sim,7,"Fábricas - Como precificar os serviços correlatos e documentação?",https://trello.com/c/jckNKDHB,1 
JS,160613,2016,06,55ca0691a0a79c746cbf4d3a,Sim,7,"FMANT2016 - Planejamento da Aquisição (Meta 1)",https://trello.com/c/0lnFiRon,1 
WN,160613,2016,06,55ca0691a0a79c746cbf4d3a,Sim,7,"FMANT2016 - Planejamento da Aquisição (Meta 1)",https://trello.com/c/0lnFiRon,1 
MC,160613,2016,06,55ca0691a0a79c746cbf4d3a,Sim,7,"FMANT2016 - Planejamento da Aquisição (Meta 1)",https://trello.com/c/0lnFiRon,1 
MC,160613,2016,06,573dff3790c1ba6261360935,Sim,7,"Fábricas - Planilha de Perfis e Formação de Preço",https://trello.com/c/cKOrrN3R,1 
MC,160613,2016,06,573e256893f0c895f9083bd2,Sim,7,"Fábricas - Qualidade (definições estratégicas)",https://trello.com/c/yQ1PpesD,1 
WN,160613,2016,06,573dd6eada84dcf96a0cb157,Sim,7,"Fábricas - Unificar o Anexo de Habilitação",https://trello.com/c/vqAsmHPi,1 
MC,160613,2016,06,575ecd357cc5f65d712ce42d,Sim,7,"TR Convênios - Indicadores",https://trello.com/c/8d6K10YE,1 
JS,160613,2016,06,575eeb84bb18de81f50e4bc7,Sim,7,"TR Convenios _ (Reuniao)",https://trello.com/c/UKkzBm0s,1 
MC,160613,2016,06,575eeb84bb18de81f50e4bc7,Sim,7,"TR Convenios _ (Reuniao)",https://trello.com/c/UKkzBm0s,1 
WN,160613,2016,06,56fe564a29280ffbebb357ee,Sim,7,"Meta 1 - Produtos : PGA Revisado e Lista de Artefatos",https://trello.com/c/xhlEaMth,1 
JS,160613,2016,06,575ebbfbacbf2e22d4704925,Sim,7,"Reunião de Entrega",https://trello.com/c/VtmvHGxA,1 
MC,160613,2016,06,575ebbfbacbf2e22d4704925,Sim,7,"Reunião de Entrega",https://trello.com/c/VtmvHGxA,1 
WN,160613,2016,06,575ebbfbacbf2e22d4704925,Sim,7,"Reunião de Entrega",https://trello.com/c/VtmvHGxA,1 
JS,160606,2016,06,57557b3f046481a1124a38fa,Sim,7,"Reunião de Priorização e Planejamento",https://trello.com/c/WhJeNNAH,1 
MC,160606,2016,06,57557b3f046481a1124a38fa,Sim,7,"Reunião de Priorização e Planejamento",https://trello.com/c/WhJeNNAH,1 
WN,160606,2016,06,57557b3f046481a1124a38fa,Sim,7,"Reunião de Priorização e Planejamento",https://trello.com/c/WhJeNNAH,1 
MC,160606,2016,06,573df6149a62b29bcea8e072,Sim,7,"Decisões TR de Manutenção - Reunião CTA, DSI, Juridico, Administrativo (Reunião)",https://trello.com/c/JUvrYA0T,1 
WN,160606,2016,06,57583a2508c0197da9a24436,Sim,7,"FM2016 - Status Report",https://trello.com/c/ttljnPh1,1 
WN,160606,2016,06,573de5d5c5b13288096160c5,Sim,7,"Fábricas - Revisar Fluxo de Pagamentos",https://trello.com/c/ZM9oAlOR,1 
WN,160606,2016,06,57503d90cb19885818658023,Sim,7,"Fábricas - Melhorar o quadro de SLA",https://trello.com/c/I5FcS6i7,1 
WN,160606,2016,06,574f2ad5316a257bda54424d,Sim,7,"Fábricas - Adequar ao novo padrão e-ping",https://trello.com/c/xT6dpq8R,1 
WN,160606,2016,06,573dde5a1ec4f28dce2e4af4,Sim,7,"Fábricas - Mobilidade",https://trello.com/c/iBsahSBF,1 
WN,160606,2016,06,575709bd956dd7b802a54e9f,Sim,7,"Fábricas - Adequar quantitativos",https://trello.com/c/TydH0O5F,1 
WN,160606,2016,06,57557a4ac4e4e66db2bf744f,Sim,7,"FM2016 - Status Report",https://trello.com/c/Ar1vSHkc,1 
MC,160606,2016,06,574c4c7d02675f30cf6e3f71,Sim,7,"Gestão CTIS",https://trello.com/c/QPVNgG4Z,1 
WN,160606,2016,06,5755d6484132eed79517c9f0,Sim,7,"PGA - Tabela de Entregas",https://trello.com/c/mbPQokW0,1 
WN,160606,2016,06,5756de158e384136de76f6ff,Sim,7,"PGA - Considerações A.M",https://trello.com/c/gw54Jmxr,1 
JS,160606,2016,06,57557a6cac8be3e332142868,Sim,7,"Meta 1-  Produto:Plano de Iniciação - Proposta de Modelo",https://trello.com/c/44nhLey6,1 
JS,160606,2016,06,57557bb59b45159c905dd49d,Sim,7,"TR Convenios _ (Reuniao)",https://trello.com/c/m9P03mUJ,1 
MC,160606,2016,06,57557bb59b45159c905dd49d,Sim,7,"TR Convenios _ (Reuniao)",https://trello.com/c/m9P03mUJ,1 
MC,160606,2016,06,575857597feddcfd43c40364,Sim,7,"Reunião GTT",https://trello.com/c/qFZnrWUo,1 
JS,160606,2016,06,57557b50eeb1134bae0331c7,Sim,7,"Reunião de Entrega",https://trello.com/c/MXlSrbau,1 
MC,160606,2016,06,57557b50eeb1134bae0331c7,Sim,7,"Reunião de Entrega",https://trello.com/c/MXlSrbau,1 
WN,160606,2016,06,57557b50eeb1134bae0331c7,Sim,7,"Reunião de Entrega",https://trello.com/c/MXlSrbau,1 
JS,160530,2016,05,574c522f0723aff642fd41ef,Sim,7,"Reunião de Priorização e Planejamento",https://trello.com/c/rENPjAdV,1 
MC,160530,2016,05,574c522f0723aff642fd41ef,Sim,7,"Reunião de Priorização e Planejamento",https://trello.com/c/rENPjAdV,1 
WN,160530,2016,05,574c522f0723aff642fd41ef,Sim,7,"Reunião de Priorização e Planejamento",https://trello.com/c/rENPjAdV,1 
WN,160530,2016,05,57503c690f0f407a31c92683,Sim,7,"Anexo de Mobilidade - Minuta",https://trello.com/c/QHwsL2Qj,1 
MC,160530,2016,05,573e00903fca5903ff0eccab,Sim,7,"Fábricas - Pontos de Função por tecnologia",https://trello.com/c/a6jLfJY3,1 
WN,160530,2016,05,574cd993391ef6e203331fcc,Sim,7,"FM2016 - Status Report",https://trello.com/c/JB3zXmLB,1 
WN,160530,2016,05,574c5447fe95f5fc7c5c4d30,Sim,7,"JIRA - Propor cenário para entendimento de uso",https://trello.com/c/XuJSUYIX,1 
WN,160530,2016,05,5745fdb89283995b4c0842f4,Sim,7,"Apresentação do JIRA",https://trello.com/c/aGROQkhN,1 
JS,160530,2016,05,57462ad25cf6bd6c1ff2aeb1,Sim,7,"TR Convenios _ (Reuniao)",https://trello.com/c/WXEu3Pvv,1 
MC,160530,2016,05,574c91510d4b8f01c475c1b7,Sim,7,"GiCOF _ Consultoria Qualidade ( Reuniao )",https://trello.com/c/XRjgJssg,1 
JS,160530,2016,05,5620fc72ce9976a449af6271,Sim,7,"Meta 1-  Produto:Plano de Iniciação - Proposta de Modelo",https://trello.com/c/Suv8a2R4,1 
WN,160530,2016,05,574c5b3e102514665ae6008a,Sim,7,"PGA - Evidência da Revisão",https://trello.com/c/u9ev5Kmk,1 
MC,160530,2016,05,574b42b628df51d519770abc,Sim,7,"Realização das Atividades Gerenciais do Mês",https://trello.com/c/2EK39YjM,1 
WN,160530,2016,05,5728b1467e4991f08c898da7,Sim,7,"Agile Brasil e/ou (WBMA)",https://trello.com/c/Ai44ogQi,1 
MC,160530,2016,05,5751ef97dba306b306c651ea,Sim,7,"Apresentação GIT (Controle de Versão) pela Red Hat",https://trello.com/c/NQWdp6Pj,1 
JS,160530,2016,05,574c5240da443811ef16220d,Sim,7,"Reunião de Entrega",https://trello.com/c/y16tx4f0,1 
MC,160530,2016,05,574c5240da443811ef16220d,Sim,7,"Reunião de Entrega",https://trello.com/c/y16tx4f0,1 
WN,160530,2016,05,574c5240da443811ef16220d,Sim,7,"Reunião de Entrega",https://trello.com/c/y16tx4f0,1 
JS,160523,2016,05,57436d1e209215f18857157b,Sim,7,"Reunião de Priorização e Planejamento",https://trello.com/c/tp5AWDcr,1 
MC,160523,2016,05,57436d1e209215f18857157b,Sim,7,"Reunião de Priorização e Planejamento",https://trello.com/c/tp5AWDcr,1 
WN,160523,2016,05,57436d1e209215f18857157b,Sim,7,"Reunião de Priorização e Planejamento",https://trello.com/c/tp5AWDcr,1 
WN,160523,2016,05,57323305fd76dc7dbe245a4e,Sim,7,"PGA - 7° Refinamento (Reunião)",https://trello.com/c/sB2qqJGD,1 
WN,160523,2016,05,5736275195fc9eee3e780b25,Sim,7,"Atualização do PGA (RF6)",https://trello.com/c/hVMPOQgW,1 
WN,160523,2016,05,573dd295b35ec6c90935f800,Sim,7,"Fábricas - Indicadores",https://trello.com/c/5NcXldHM,1 
WN,160523,2016,05,573e277ad016a23afdd80bf7,Sim,7,"Fábricas - Revisão dos Indicadores, SLA e Glosa",https://trello.com/c/9ctaPyUk,1 
MC,160523,2016,05,574312124ebf8f7ae638eaa7,Sim,7,"Criação do Plano de Ação CTIS / IPLAN",https://trello.com/c/TuSQ5sFb,1 
MC,160523,2016,05,573f5e85f0a7cee1e1a9bcb0,Sim,7,"Análise da Apresentação do Perim",https://trello.com/c/EzzodJAm,1 
MC,160523,2016,05,573b1f31f251cbaa52c2c6e7,Sim,7,"Recomendação de Penalidade CTIS",https://trello.com/c/vCEi1Mge,1 
JS,160523,2016,05,57430cc98b6c953f7aed18b3,Sim,7,"Definição do Processo de Uso do Trello",https://trello.com/c/8i8QiOX0,1 
MC,160523,2016,05,57430cc98b6c953f7aed18b3,Sim,7,"Definição do Processo de Uso do Trello",https://trello.com/c/8i8QiOX0,1 
WN,160523,2016,05,57430cc98b6c953f7aed18b3,Sim,7,"Definição do Processo de Uso do Trello",https://trello.com/c/8i8QiOX0,1 
JS,160523,2016,05,57430cdb716d35d2500b0d9b,Sim,7,"Atualização de conteúdo do Portal",https://trello.com/c/NnKU7KOy,1 
JS,160523,2016,05,57436d24c1656740c812f600,Sim,7,"Reunião de Entrega",https://trello.com/c/3A7OO6YK,1 
MC,160523,2016,05,57436d24c1656740c812f600,Sim,7,"Reunião de Entrega",https://trello.com/c/3A7OO6YK,1 
WN,160523,2016,05,57436d24c1656740c812f600,Sim,7,"Reunião de Entrega",https://trello.com/c/3A7OO6YK,1 
NULL,160516,2016,05,55bfb50f5a3b7d48536f1b44,Sim,7,"FSW2015 - Articular elaboração, pelo CTA, da justificativa para o quantitativo estimado.",https://trello.com/c/FuSdlHe2,1 
WN,160516,2016,05,573a1edf50343306a64aab49,Sim,7,"Revisar e atualizar os Anexos recebidos",https://trello.com/c/l28FE6FT,1 
WN,160516,2016,05,57362142232570cdfc7fee6d,Sim,7,"Curso Scrum: Agilidade em seu projeto",https://trello.com/c/ORF2e8Al,1 
WN,160516,2016,05,573232f49fe9c5e2bdeb1c05,Sim,7,"PGA - 6° Refinamento (Reunião)",https://trello.com/c/JmGVprIB,1 
WN,160516,2016,05,5736274992695a82eeb86f58,Sim,7,"Atualização do PGA (RF5)",https://trello.com/c/yeqLv6gW,1 
WN,160516,2016,05,5732337374d814e8260b8c8e,Sim,7,"Entrada de Demanda - Reunião",https://trello.com/c/5UQ7S3U9,1 
MC,160516,2016,05,5732337374d814e8260b8c8e,Sim,7,"Entrada de Demanda - Reunião",https://trello.com/c/5UQ7S3U9,1 
JS,160516,2016,05,5732337374d814e8260b8c8e,Sim,7,"Entrada de Demanda - Reunião",https://trello.com/c/5UQ7S3U9,1 
JS,160516,2016,05,57312347d97ee347c9504de1,Sim,7,"Homologação da Ferramenta de OS",https://trello.com/c/YYTHP2lr,1 
MC,160516,2016,05,5736282138cc6d3de5033114,Sim,7,"Criação do Plano de Ação CTIS / IPLAN",https://trello.com/c/bHHaFpM7,1 
JS,160516,2016,05,5730ef0edb5edf330bd09765,Sim,7,"Definição do Processo de Uso do Trello",https://trello.com/c/EAmHhqnG,1 
MC,160516,2016,05,5730ef0edb5edf330bd09765,Sim,7,"Definição do Processo de Uso do Trello",https://trello.com/c/EAmHhqnG,1 
WN,160516,2016,05,5730ef0edb5edf330bd09765,Sim,7,"Definição do Processo de Uso do Trello",https://trello.com/c/EAmHhqnG,1 
JS,160516,2016,05,573b1c993a46b998ddda425b,Sim,7,"Atualização de conteúdo do Portal",https://trello.com/c/BMHmnm2D,1 
MC,160516,2016,05,573f485b07326916f9023eb0,Sim,7,"TR do Fusion - Reunião",https://trello.com/c/13eU99mZ,1 
JS,160509,2016,05,573b1ce5edb1ecda513588db,Sim,7,"Treinamento em Métodos Ágeis: Introdução",https://trello.com/c/UGgQLEr3,1 
WN,160509,2016,05,573b1ce5edb1ecda513588db,Sim,7,"Treinamento em Métodos Ágeis: Introdução",https://trello.com/c/UGgQLEr3,1 
JS,160509,2016,05,5730f3ee723287eadf13a466,Sim,7,"Treinamento em Métodos Ágeis: UML, Scrumm e Lean Startup",https://trello.com/c/xsYwS4MV,1 
WN,160509,2016,05,5732272fb779c8e35a4d3721,Sim,7,"Melhorar o Processo de Aquisição, GC-a04",https://trello.com/c/bvQckgog,1 
MC,160509,2016,05,5732272fb779c8e35a4d3721,Sim,7,"Melhorar o Processo de Aquisição, GC-a04",https://trello.com/c/bvQckgog,1 
JS,160509,2016,05,57321e7cc5e4df944eb5dfe5,Sim,7,"Ajustes de Interface do Portal",https://trello.com/c/yLAjfB2o,1 
JS,160509,2016,05,57321e88473906962457b781,Sim,7,"Atualização de conteúdo do Portal",https://trello.com/c/qUw8egtQ,1 
WN,160509,2016,05,57323296703e2fd84d85f5a0,Sim,7,"PGA - 5° Refinamento (Reunião)",https://trello.com/c/lFPhNCeq,1 
WN,160509,2016,05,5730ef669bee2b32323e65a5,Sim,7,"Atualização do PGA (RF4)",https://trello.com/c/jvHyd0jY,1 
WN,160509,2016,05,5730ef0a70007b07141bffc3,Sim,7,"Criação de template de indicadores",https://trello.com/c/Rv6dhp8z,1 
WN,160509,2016,05,57332fcbb97a7fd59b2f2288,Sim,7,"Formatar "status report" da CTIS em relação a ferramenta de controle de OS.",https://trello.com/c/bAbNZ5Ko,1 
MC,160509,2016,05,57312f9b5f9e3954b734147c,Sim,7,"Verificação do Plano de Ação enviado pela CTIS",https://trello.com/c/UzM1vErG,1 
MC,160509,2016,05,5730f63302d5dbfcfce7b05f,Sim,7,"Contato com Palestrantes para Workshop de Aquisição",https://trello.com/c/cBv03IAL,1 
WN,160509,2016,05,5730f63302d5dbfcfce7b05f,Sim,7,"Contato com Palestrantes para Workshop de Aquisição",https://trello.com/c/cBv03IAL,1 
MC,160509,2016,05,57312204b0d80d861555673e,Sim,7,"Participação no evento LINC DAY",https://trello.com/c/dn1YmSQE,1 
